Timestamp,hash-rate
2009-02-01 23:00:00,0.000004352962610567901
2009-02-04 23:00:00,0.000004990911070814814
2009-02-07 23:00:00,0.000005613946450172838
2009-02-10 23:00:00,0.000006008314589234568
2009-02-13 23:00:00,0.000006079565975703703
2009-02-16 23:00:00,0.000006137561290271604
2009-02-19 23:00:00,0.000006175672496987654
2009-02-22 23:00:00,0.000006348001431703704
2009-02-25 23:00:00,0.000006043111777975309
2009-02-28 23:00:00,0.000006031512715061729
2009-03-03 23:00:00,0.000005948662265679012
2009-03-06 23:00:00,0.000005855869762370369
2009-03-09 23:00:00,0.000005789589402864197
2009-03-12 23:00:00,0.000005693482881580247
2009-03-15 23:00:00,0.000005640458593975309
2009-03-18 23:00:00,0.000005589091315358024
2009-03-21 23:00:00,0.0000055194969378765415
2009-03-24 23:00:00,0.000005474757695209875
2009-03-27 23:00:00,0.000005497955821037037
2009-03-31 00:00:00,0.0000055559511356049375
2009-04-03 00:00:00,0.000005595719351308642
2009-04-06 00:00:00,0.000005637144576000001
2009-04-09 00:00:00,0.000005607318414222223
2009-04-12 00:00:00,0.000005595719351308642
2009-04-15 00:00:00,0.000005622231495111111
2009-04-18 00:00:00,0.00000561394645017284
2009-04-21 00:00:00,0.000005681883818666668
2009-04-24 00:00:00,0.000005668627746765433
2009-04-27 00:00:00,0.000005676912791703705
2009-04-30 00:00:00,0.000005658685692839509
2009-05-03 00:00:00,0.000005721652034370372
2009-05-06 00:00:00,0.0000057431931512098776
2009-05-09 00:00:00,0.000005845927708444446
2009-05-12 00:00:00,0.000005759763241086422
2009-05-15 00:00:00,0.0000057895894028642005
2009-05-18 00:00:00,0.000005842613690469138
2009-05-21 00:00:00,0.000005792903420839509
2009-05-24 00:00:00,0.000005552637117629632
2009-05-27 00:00:00,0.000005514525910913583
2009-05-30 00:00:00,0.0000054979558210370385
2009-06-02 00:00:00,0.000005358767066074075
2009-06-05 00:00:00,0.000005123471789827162
2009-06-08 00:00:00,0.000004634654138469137
2009-06-11 00:00:00,0.000004596542931753087
2009-06-14 00:00:00,0.000004402672880197531
2009-06-17 00:00:00,0.000004142522469135802
2009-06-20 00:00:00,0.000004004990723160493
2009-06-23 00:00:00,0.000004104411262419753
2009-06-26 00:00:00,0.000003961908489481481
2009-06-29 00:00:00,0.0000037796375008395056
2009-07-02 00:00:00,0.000003700101069432098
2009-07-05 00:00:00,0.000003729927231209876
2009-07-08 00:00:00,0.00000397682157037037
2009-07-11 00:00:00,0.000003965222507456791
2009-07-14 00:00:00,0.000003928768309728395
2009-07-17 00:00:00,0.0000038658019681975305
2009-07-20 00:00:00,0.0000036586758447407407
2009-07-23 00:00:00,0.000003623878656
2009-07-26 00:00:00,0.0000035559412875061726
2009-07-29 00:00:00,0.0000033836123527901234
2009-08-01 00:00:00,0.0000030720946631111112
2009-08-04 00:00:00,0.0000027804610812839505
2009-08-07 00:00:00,0.000002798688180148147
2009-08-10 00:00:00,0.000002818572287999999
2009-08-13 00:00:00,0.000002787089117234566
2009-08-16 00:00:00,0.000002775490054320986
2009-08-19 00:00:00,0.000002661156434172837
2009-08-22 00:00:00,0.0000023910639691851825
2009-08-25 00:00:00,0.000002116000477234565
2009-08-28 00:00:00,0.000002125942531160491
2009-08-31 00:00:00,0.0000024225471399506146
2009-09-03 00:00:00,0.000002709209694814812
2009-09-06 00:00:00,0.000002624702236444442
2009-09-09 00:00:00,0.0000025617358949135783
2009-09-12 00:00:00,0.000002512025625283949
2009-09-15 00:00:00,0.00000258162000276543
2009-09-18 00:00:00,0.0000028235433149629616
2009-09-21 00:00:00,0.000003115176896790122
2009-09-24 00:00:00,0.0000032924768584691342
2009-09-27 00:00:00,0.0000035393711976296275
2009-09-30 00:00:00,0.0000035774824043456764
2009-10-03 00:00:00,0.000003587424458271603
2009-10-06 00:00:00,0.0000035592553054814793
2009-10-09 00:00:00,0.000003469776820148146
2009-10-12 00:00:00,0.000003547656242567899
2009-10-15 00:00:00,0.00000345983476622222
2009-10-18 00:00:00,0.0000034730908381234545
2009-10-21 00:00:00,0.0000035443422245925906
2009-10-24 00:00:00,0.0000037448403120987634
2009-10-26 23:00:00,0.0000036404487458765415
2009-10-29 23:00:00,0.000003507888026864196
2009-11-01 23:00:00,0.0000033239600292345667
2009-11-04 23:00:00,0.0000032825348045432085
2009-11-07 23:00:00,0.0000033272740472098756
2009-11-10 23:00:00,0.000003280877795555555
2009-11-13 23:00:00,0.0000033471581550617274
2009-11-16 23:00:00,0.000003469776820148147
2009-11-19 23:00:00,0.0000034184095415308626
2009-11-22 23:00:00,0.0000034233805684938257
2009-11-25 23:00:00,0.000003539371197629628
2009-11-28 23:00:00,0.000003623878655999998
2009-12-01 23:00:00,0.0000037266132132345663
2009-12-04 23:00:00,0.000003859173932246911
2009-12-07 23:00:00,0.000003961908489481479
2009-12-10 23:00:00,0.000004144179478123453
2009-12-13 23:00:00,0.0000043446775656296275
2009-12-16 23:00:00,0.000004450726140839504
2009-12-19 23:00:00,0.00000501742321461728
2009-12-22 23:00:00,0.000005439960506469132
2009-12-25 23:00:00,0.00000574982118716049
2009-12-28 23:00:00,0.0000061392182992592565
2009-12-31 23:00:00,0.000006682662992592648
2010-01-03 23:00:00,0.000007105787873314422
2010-01-06 23:00:00,0.000007779680406288948
2010-01-09 23:00:00,0.000008151819914240942
2010-01-12 23:00:00,0.000008640207825590823
2010-01-15 23:00:00,0.000009049303598860886
2010-01-18 23:00:00,0.000008916840717821465
2010-01-21 23:00:00,0.000009010150458980224
2010-01-24 23:00:00,0.000009195831092729222
2010-01-27 23:00:00,0.000009720007547836542
2010-01-30 23:00:00,0.000010064631575413935
2010-02-02 23:00:00,0.000010430916645720754
2010-02-05 23:00:00,0.000011135210729131001
2010-02-08 23:00:00,0.000012074688215674636
2010-02-11 23:00:00,0.000012684867603897248
2010-02-14 23:00:00,0.000013566757718214363
2010-02-17 23:00:00,0.000015209453426436825
2010-02-20 23:00:00,0.000016903186578335427
2010-02-23 23:00:00,0.000018954420877773674
2010-02-26 23:00:00,0.000020840925820731857
2010-03-01 23:00:00,0.000022889067730637106
2010-03-04 23:00:00,0.000025010857344867053
2010-03-07 23:00:00,0.00002654371436299816
2010-03-10 23:00:00,0.000027959465226930104
2010-03-13 23:00:00,0.000029482479184937735
2010-03-16 23:00:00,0.000030513735840295615
2010-03-19 23:00:00,0.000031127466547004204
2010-03-22 23:00:00,0.00003263564851212136
2010-03-25 23:00:00,0.00003389389087921868
2010-03-29 00:00:00,0.000034969865785443274
2010-04-01 00:00:00,0.00003631992211831785
2010-04-04 00:00:00,0.00003809639250140878
2010-04-07 00:00:00,0.00003957935970636439
2010-04-10 00:00:00,0.00004202566181682251
2010-04-13 00:00:00,0.00004649912690476144
2010-04-16 00:00:00,0.00005100724787573371
2010-04-19 00:00:00,0.00005668614391410672
2010-04-22 00:00:00,0.00006087087215373325
2010-04-25 00:00:00,0.00006560124946027021
2010-04-28 00:00:00,0.00007101163240019879
2010-05-01 00:00:00,0.00007564856065422325
2010-05-04 00:00:00,0.00007994172646397083
2010-05-07 00:00:00,0.00008422315387550125
2010-05-10 00:00:00,0.00008748946930166013
2010-05-13 00:00:00,0.0000877892320512804
2010-05-16 00:00:00,0.00008797018591234354
2010-05-19 00:00:00,0.00008788479056196499
2010-05-22 00:00:00,0.00009022589597912528
2010-05-25 00:00:00,0.00009294026313688324
2010-05-28 00:00:00,0.00009548048635604126
2010-05-31 00:00:00,0.00010011123256001716
2010-06-03 00:00:00,0.00010225683919157982
2010-06-06 00:00:00,0.00010497927775091428
2010-06-09 00:00:00,0.00010882083024490958
2010-06-12 00:00:00,0.00011456557572445057
2010-06-15 00:00:00,0.00011994648121028506
2010-06-18 00:00:00,0.00012525708982968797
2010-06-21 00:00:00,0.00012838014281946121
2010-06-24 00:00:00,0.00013080287634023525
2010-06-27 00:00:00,0.00013457394688271788
2010-06-30 00:00:00,0.00013622226196870134
2010-07-03 00:00:00,0.00014294266722239315
2010-07-06 00:00:00,0.0001491993852750443
2010-07-09 00:00:00,0.00015508629387687842
2010-07-12 00:00:00,0.00016324627301684657
2010-07-15 00:00:00,0.00026938265169078595
2010-07-18 00:00:00,0.0005372525024024325
2010-07-21 00:00:00,0.0006801833154449396
2010-07-24 00:00:00,0.0008414192825540075
2010-07-27 00:00:00,0.0010236784134999865
2010-07-30 00:00:00,0.0012153357840636212
2010-08-02 00:00:00,0.0014366653056314459
2010-08-05 00:00:00,0.0017059058904659045
2010-08-08 00:00:00,0.0019627626139178058
2010-08-11 00:00:00,0.0022840344288922267
2010-08-14 00:00:00,0.0025454018293955528
2010-08-17 00:00:00,0.0027474102231404467
2010-08-20 00:00:00,0.002933280987719901
2010-08-23 00:00:00,0.0032243109313500272
2010-08-26 00:00:00,0.0035764319627034614
2010-08-29 00:00:00,0.0039143969567194984
2010-09-01 00:00:00,0.004172721818752636
2010-09-04 00:00:00,0.004388461176105185
2010-09-07 00:00:00,0.004639720866919863
2010-09-10 00:00:00,0.004810500090554397
2010-09-13 00:00:00,0.005039564154339939
2010-09-16 00:00:00,0.0052018358621502125
2010-09-19 00:00:00,0.005618786482031396
2010-09-22 00:00:00,0.006061849706696906
2010-09-25 00:00:00,0.00647114778510455
2010-09-28 00:00:00,0.006894778938863701
2010-10-01 00:00:00,0.007420243003334286
2010-10-04 00:00:00,0.00776062113322245
2010-10-07 00:00:00,0.008171198303187726
2010-10-10 00:00:00,0.008708309065953485
2010-10-13 00:00:00,0.00920048667287648
2010-10-16 00:00:00,0.009801078457380968
2010-10-19 00:00:00,0.010827153198534807
2010-10-22 00:00:00,0.011836567836369537
2010-10-25 00:00:00,0.01271435850287685
2010-10-28 00:00:00,0.014110044419039994
2010-10-31 00:00:00,0.015543749136041991
2010-11-02 23:00:00,0.01745651382825055
2010-11-05 23:00:00,0.01964930306557621
2010-11-08 23:00:00,0.022240773381896888
2010-11-11 23:00:00,0.026137725317347003
2010-11-14 23:00:00,0.029611523300802252
2010-11-17 23:00:00,0.03272684038472199
2010-11-20 23:00:00,0.0359822301210161
2010-11-23 23:00:00,0.03913994782443899
2010-11-26 23:00:00,0.04291987494612573
2010-11-29 23:00:00,0.04684616617615149
2010-12-02 23:00:00,0.05185364535266574
2010-12-05 23:00:00,0.057410752222796305
2010-12-08 23:00:00,0.06319176582949185
2010-12-11 23:00:00,0.06807665734155109
2010-12-14 23:00:00,0.07328363864714858
2010-12-17 23:00:00,0.07930499927163488
2010-12-20 23:00:00,0.08430186286615107
2010-12-23 23:00:00,0.09053024202966618
2010-12-26 23:00:00,0.09540202285912873
2010-12-29 23:00:00,0.10106687157032078
2011-01-01 23:00:00,0.10535139350542377
2011-01-04 23:00:00,0.10925277362696237
2011-01-07 23:00:00,0.1117457820456139
2011-01-10 23:00:00,0.11567024107523993
2011-01-13 23:00:00,0.11963179575946344
2011-01-16 23:00:00,0.1239514569426227
2011-01-19 23:00:00,0.12923929769837433
2011-01-22 23:00:00,0.13359693608421472
2011-01-25 23:00:00,0.13803973764358715
2011-01-28 23:00:00,0.14373038757552495
2011-01-31 23:00:00,0.1486064603600678
2011-02-03 23:00:00,0.15389040820670796
2011-02-06 23:00:00,0.16196205083375298
2011-02-09 23:00:00,0.17096077920464575
2011-02-12 23:00:00,0.18162657687164105
2011-02-15 23:00:00,0.19231800508990043
2011-02-18 23:00:00,0.21019860508115445
2011-02-21 23:00:00,0.22784531860000792
2011-02-24 23:00:00,0.2528035463672588
2011-02-27 23:00:00,0.2886031362315819
2011-03-02 23:00:00,0.3146032153855261
2011-03-05 23:00:00,0.35632728392199764
2011-03-08 23:00:00,0.40063354795183426
2011-03-11 23:00:00,0.42984257535829956
2011-03-14 23:00:00,0.4523796464924622
2011-03-17 23:00:00,0.47366445041921246
2011-03-20 23:00:00,0.4872905612179003
2011-03-23 23:00:00,0.5082247088570627
2011-03-26 23:00:00,0.5235664343671366
2011-03-30 00:00:00,0.5237475004588042
2011-04-02 00:00:00,0.5417433533803325
2011-04-05 00:00:00,0.5434097647899405
2011-04-08 00:00:00,0.543274002266846
2011-04-11 00:00:00,0.5571623671495887
2011-04-14 00:00:00,0.5812960058025352
2011-04-17 00:00:00,0.5975258866742358
2011-04-20 00:00:00,0.6202950207744569
2011-04-23 00:00:00,0.6398889948676515
2011-04-26 00:00:00,0.663088789010072
2011-04-29 00:00:00,0.6923065559442717
2011-05-02 00:00:00,0.7315335510026356
2011-05-05 00:00:00,0.774035091761344
2011-05-08 00:00:00,0.8272704073045364
2011-05-11 00:00:00,0.8962189570993079
2011-05-14 00:00:00,0.9689772732598969
2011-05-17 00:00:00,1.0881174734602312
2011-05-20 00:00:00,1.2332328646042376
2011-05-23 00:00:00,1.4389839857861852
2011-05-26 00:00:00,1.7095103095891206
2011-05-29 00:00:00,2.009573052867759
2011-06-01 00:00:00,2.2524291609001468
2011-06-04 00:00:00,2.560124374236511
2011-06-07 00:00:00,2.9832554448818698
2011-06-10 00:00:00,3.3785462463075224
2011-06-13 00:00:00,3.8887819636511805
2011-06-16 00:00:00,4.557760179102976
2011-06-19 00:00:00,5.190079785171193
2011-06-22 00:00:00,5.901601491744605
2011-06-25 00:00:00,6.8387823159620185
2011-06-28 00:00:00,7.520747957541848
2011-07-01 00:00:00,8.345550338050062
2011-07-04 00:00:00,9.111037513195901
2011-07-07 00:00:00,9.646904804530944
2011-07-10 00:00:00,10.258929908092732
2011-07-13 00:00:00,10.736519072197433
2011-07-16 00:00:00,11.174748397769156
2011-07-19 00:00:00,11.573345217824533
2011-07-22 00:00:00,11.842013609679784
2011-07-25 00:00:00,11.855396642830362
2011-07-28 00:00:00,12.208156739449207
2011-07-31 00:00:00,12.385229237175704
2011-08-03 00:00:00,12.68676474944874
2011-08-06 00:00:00,12.956159142310394
2011-08-09 00:00:00,13.009549919139339
2011-08-12 00:00:00,13.236046802138025
2011-08-15 00:00:00,13.16058876630753
2011-08-18 00:00:00,13.170864949178183
2011-08-21 00:00:00,13.221691091046647
2011-08-24 00:00:00,13.390744877829297
2011-08-27 00:00:00,13.208740947674615
2011-08-30 00:00:00,12.970925897506618
2011-09-02 00:00:00,12.775142202012805
2011-09-05 00:00:00,12.696044453724591
2011-09-08 00:00:00,12.829035613858593
2011-09-11 00:00:00,12.67261157690087
2011-09-14 00:00:00,12.648372267904822
2011-09-17 00:00:00,12.631459300619806
2011-09-20 00:00:00,12.519343198801867
2011-09-23 00:00:00,12.321366672034289
2011-09-26 00:00:00,12.249147066685763
2011-09-29 00:00:00,12.323038682662162
2011-10-02 00:00:00,12.14044206756217
2011-10-05 00:00:00,11.96825683684591
2011-10-08 00:00:00,11.75380474798197
2011-10-11 00:00:00,11.587642771626099
2011-10-14 00:00:00,11.282104864704186
2011-10-17 00:00:00,11.05753686934443
2011-10-20 00:00:00,10.76413603266899
2011-10-23 00:00:00,10.30800222598413
2011-10-26 00:00:00,10.015447073444445
2011-10-29 00:00:00,9.627589371113901
2011-10-31 23:00:00,9.386270146070352
2011-11-03 23:00:00,9.137284834870096
2011-11-06 23:00:00,8.902605330510138
2011-11-09 23:00:00,8.734339726944297
2011-11-12 23:00:00,8.65142634858902
2011-11-15 23:00:00,8.543052604238646
2011-11-18 23:00:00,8.44622177261178
2011-11-21 23:00:00,8.405813371346667
2011-11-24 23:00:00,8.281786557800004
2011-11-27 23:00:00,8.22177790441896
2011-11-30 23:00:00,8.14654706463835
2011-12-03 23:00:00,8.190232876765982
2011-12-06 23:00:00,8.134954461358785
2011-12-09 23:00:00,8.084411626582172
2011-12-12 23:00:00,8.070758439382711
2011-12-15 23:00:00,7.922478246643492
2011-12-18 23:00:00,7.912402646867345
2011-12-21 23:00:00,7.9818525120264585
2011-12-24 23:00:00,8.042601820931957
2011-12-27 23:00:00,8.277326072539294
2011-12-30 23:00:00,8.297175602389524
2012-01-02 23:00:00,8.295941649556992
2012-01-05 23:00:00,8.361693434979943
2012-01-08 23:00:00,8.52885318963754
2012-01-11 23:00:00,8.692144409304372
2012-01-14 23:00:00,8.866869051631351
2012-01-17 23:00:00,9.030416842463593
2012-01-20 23:00:00,9.048550012547622
2012-01-23 23:00:00,9.26410317822735
2012-01-26 23:00:00,9.206395947668886
2012-01-29 23:00:00,9.393275626703035
2012-02-01 23:00:00,9.499920542545416
2012-02-04 23:00:00,9.68486111068105
2012-02-07 23:00:00,9.676949810691006
2012-02-10 23:00:00,9.692679903822567
2012-02-13 23:00:00,9.777356588836927
2012-02-16 23:00:00,9.746146686586547
2012-02-19 23:00:00,9.96671525361759
2012-02-22 23:00:00,9.926407525045283
2012-02-25 23:00:00,10.110963822590143
2012-02-28 23:00:00,10.169733262646202
2012-03-02 23:00:00,10.284971959725334
2012-03-05 23:00:00,10.155212255662644
2012-03-08 23:00:00,10.30272225624268
2012-03-11 23:00:00,10.50650624238839
2012-03-14 23:00:00,10.62774969716782
2012-03-17 23:00:00,10.799343674305156
2012-03-20 23:00:00,10.863609610192396
2012-03-23 23:00:00,10.992938494041342
2012-03-27 00:00:00,11.117276212426626
2012-03-30 00:00:00,11.205045095409208
2012-04-02 00:00:00,11.343075158833699
2012-04-05 00:00:00,11.465306637094825
2012-04-08 00:00:00,11.349646910119363
2012-04-11 00:00:00,11.36474165707704
2012-04-14 00:00:00,11.31298573086579
2012-04-17 00:00:00,11.212352098588799
2012-04-20 00:00:00,11.163489668035355
2012-04-23 00:00:00,11.230437980289379
2012-04-26 00:00:00,11.080816835098535
2012-04-29 00:00:00,11.066050335778964
2012-05-02 00:00:00,11.103036151011038
2012-05-05 00:00:00,11.223111167486929
2012-05-08 00:00:00,11.462474805673871
2012-05-11 00:00:00,11.626091289012013
2012-05-14 00:00:00,11.665095156262508
2012-05-17 00:00:00,11.772265916503095
2012-05-20 00:00:00,11.845878543540076
2012-05-23 00:00:00,11.789615061649746
2012-05-26 00:00:00,11.761278888116232
2012-05-29 00:00:00,11.791343648411678
2012-06-01 00:00:00,11.566316928483195
2012-06-04 00:00:00,11.604875134965084
2012-06-07 00:00:00,11.559711592353784
2012-06-10 00:00:00,11.37067942178792
2012-06-13 00:00:00,11.4621084979778
2012-06-16 00:00:00,11.578639236501987
2012-06-19 00:00:00,11.666090704601508
2012-06-22 00:00:00,11.75873143018186
2012-06-25 00:00:00,11.985084104985471
2012-06-28 00:00:00,12.157579666171221
2012-07-01 00:00:00,12.290747050177538
2012-07-04 00:00:00,12.335064907211562
2012-07-07 00:00:00,12.435931855855765
2012-07-10 00:00:00,12.694617516891906
2012-07-13 00:00:00,12.751443015924188
2012-07-16 00:00:00,12.85844201332021
2012-07-19 00:00:00,13.043142595530126
2012-07-22 00:00:00,13.163588098722238
2012-07-25 00:00:00,13.287875540093244
2012-07-28 00:00:00,13.509575613680425
2012-07-31 00:00:00,13.915077456778699
2012-08-03 00:00:00,14.089228560664063
2012-08-06 00:00:00,14.365549694499983
2012-08-09 00:00:00,14.498785533683918
2012-08-12 00:00:00,14.848000596470307
2012-08-15 00:00:00,15.27658988792934
2012-08-18 00:00:00,15.531659337330467
2012-08-21 00:00:00,15.992635279829729
2012-08-24 00:00:00,16.39794393332533
2012-08-27 00:00:00,16.65951393573117
2012-08-30 00:00:00,16.941539184797858
2012-09-02 00:00:00,17.373625726070227
2012-09-05 00:00:00,17.658588475182246
2012-09-08 00:00:00,18.43227270835863
2012-09-11 00:00:00,18.75979737292905
2012-09-14 00:00:00,18.981152722394803
2012-09-17 00:00:00,19.313327588498463
2012-09-20 00:00:00,19.685870682123316
2012-09-23 00:00:00,20.17640676706967
2012-09-26 00:00:00,20.523164760988536
2012-09-29 00:00:00,20.778285182574958
2012-10-02 00:00:00,21.122876089036946
2012-10-05 00:00:00,21.28069882905
2012-10-08 00:00:00,21.05515602382519
2012-10-11 00:00:00,21.43267189590433
2012-10-14 00:00:00,21.652400704632687
2012-10-17 00:00:00,21.88376337817073
2012-10-20 00:00:00,22.030572854889154
2012-10-23 00:00:00,22.09502539334654
2012-10-26 00:00:00,22.13454650916702
2012-10-28 23:00:00,22.58504783490603
2012-10-31 23:00:00,22.745220483061594
2012-11-03 23:00:00,23.039109184265758
2012-11-06 23:00:00,23.39699925931584
2012-11-09 23:00:00,23.609250021015832
2012-11-12 23:00:00,23.793352434327268
2012-11-15 23:00:00,23.852985910922836
2012-11-18 23:00:00,23.99833860825971
2012-11-21 23:00:00,24.08014486539023
2012-11-24 23:00:00,24.420245322656594
2012-11-27 23:00:00,24.3933312109396
2012-11-30 23:00:00,24.650388605467473
2012-12-03 23:00:00,24.961234007492198
2012-12-06 23:00:00,24.63396798947573
2012-12-09 23:00:00,24.31004629365593
2012-12-12 23:00:00,24.263462222976365
2012-12-15 23:00:00,23.94054092069127
2012-12-18 23:00:00,23.52832747645962
2012-12-21 23:00:00,23.17194652703102
2012-12-24 23:00:00,22.921711780540218
2012-12-27 23:00:00,22.64840999123209
2012-12-30 23:00:00,22.330619464380824
2013-01-02 23:00:00,22.113096667414755
2013-01-05 23:00:00,22.20370941934835
2013-01-08 23:00:00,22.28806322211227
2013-01-11 23:00:00,22.107970368527962
2013-01-14 23:00:00,22.235637942868017
2013-01-17 23:00:00,22.194586000344053
2013-01-20 23:00:00,22.26022527184603
2013-01-23 23:00:00,22.17308627535824
2013-01-26 23:00:00,22.105727822290966
2013-01-29 23:00:00,22.0579148171117
2013-02-01 23:00:00,22.049132160753604
2013-02-04 23:00:00,22.296836344961537
2013-02-07 23:00:00,22.56846545253153
2013-02-10 23:00:00,22.862486137659307
2013-02-13 23:00:00,23.226806339801815
2013-02-16 23:00:00,24.089509463133222
2013-02-19 23:00:00,24.93424681520452
2013-02-22 23:00:00,25.94977948004978
2013-02-25 23:00:00,26.883119038749175
2013-02-28 23:00:00,27.81073081299074
2013-03-03 23:00:00,28.739419061657575
2013-03-06 23:00:00,29.79465275095795
2013-03-09 23:00:00,30.609231334228568
2013-03-12 23:00:00,31.695204156787653
2013-03-15 23:00:00,33.170156569249095
2013-03-18 23:00:00,34.781210640577825
2013-03-21 23:00:00,36.6692143115811
2013-03-24 23:00:00,39.358595637963234
2013-03-27 23:00:00,40.84439968406502
2013-03-30 23:00:00,43.4911654894518
2013-04-03 00:00:00,46.26413936740715
2013-04-06 00:00:00,48.32039747857323
2013-04-09 00:00:00,51.27759678184847
2013-04-12 00:00:00,54.29894818663596
2013-04-15 00:00:00,56.62632885528069
2013-04-18 00:00:00,58.98849342160104
2013-04-21 00:00:00,60.55163012124727
2013-04-24 00:00:00,62.01071885164889
2013-04-27 00:00:00,64.89745783389166
2013-04-30 00:00:00,66.58970747331527
2013-05-03 00:00:00,67.73371750740351
2013-05-06 00:00:00,69.74965450921273
2013-05-09 00:00:00,71.78690077482246
2013-05-12 00:00:00,73.70818418054283
2013-05-15 00:00:00,76.44834409011398
2013-05-18 00:00:00,78.00142750040875
2013-05-21 00:00:00,79.70041822103066
2013-05-24 00:00:00,81.16332190201616
2013-05-27 00:00:00,83.34796898829161
2013-05-30 00:00:00,85.91806382868852
2013-06-02 00:00:00,89.80826618895183
2013-06-05 00:00:00,94.75752375430717
2013-06-08 00:00:00,100.36541922704527
2013-06-11 00:00:00,105.20081013867895
2013-06-14 00:00:00,110.88069174788136
2013-06-17 00:00:00,116.31764619893806
2013-06-20 00:00:00,121.79899670246355
2013-06-23 00:00:00,128.70945535299023
2013-06-26 00:00:00,133.96550742300107
2013-06-29 00:00:00,140.61577943696304
2013-07-02 00:00:00,146.37794640318762
2013-07-05 00:00:00,151.57889946936328
2013-07-08 00:00:00,157.10412036308495
2013-07-11 00:00:00,163.51378376326917
2013-07-14 00:00:00,170.82307551429582
2013-07-17 00:00:00,178.57804096660487
2013-07-20 00:00:00,187.06835921448135
2013-07-23 00:00:00,197.21736632183314
2013-07-26 00:00:00,204.8339759291145
2013-07-29 00:00:00,215.0066647967931
2013-08-01 00:00:00,226.5941967236674
2013-08-04 00:00:00,239.3603411024995
2013-08-07 00:00:00,254.04758034315833
2013-08-10 00:00:00,270.62934767632606
2013-08-13 00:00:00,288.3848866590996
2013-08-16 00:00:00,309.98663650941944
2013-08-19 00:00:00,334.6884680221091
2013-08-22 00:00:00,356.3743579365961
2013-08-25 00:00:00,389.67071033580305
2013-08-28 00:00:00,414.81567122200823
2013-08-31 00:00:00,447.23166385170686
2013-09-03 00:00:00,489.9317498475939
2013-09-06 00:00:00,524.4296516285391
2013-09-09 00:00:00,560.4334974544945
2013-09-12 00:00:00,604.2033806631327
2013-09-15 00:00:00,652.3392089613359
2013-09-18 00:00:00,704.2532238807979
2013-09-21 00:00:00,757.2757652781071
2013-09-24 00:00:00,815.986318290787
2013-09-27 00:00:00,896.3598730507559
2013-09-30 00:00:00,962.4539918325582
2013-10-03 00:00:00,1020.6756423549258
2013-10-06 00:00:00,1099.1928047287906
2013-10-09 00:00:00,1187.1507249301967
2013-10-12 00:00:00,1277.673031548619
2013-10-15 00:00:00,1400.8763577430702
2013-10-18 00:00:00,1556.4997998797307
2013-10-21 00:00:00,1725.637023691896
2013-10-24 00:00:00,1904.289812291986
2013-10-27 00:00:00,2099.9368892516604
2013-10-29 23:00:00,2305.2478921861866
2013-11-01 23:00:00,2559.237535792915
2013-11-04 23:00:00,2809.1050205601227
2013-11-07 23:00:00,3026.486327453166
2013-11-10 23:00:00,3227.4662410107057
2013-11-13 23:00:00,3497.199856902484
2013-11-16 23:00:00,3689.8637957367214
2013-11-19 23:00:00,3937.213037580457
2013-11-22 23:00:00,4125.70258608696
2013-11-25 23:00:00,4316.70259485257
2013-11-28 23:00:00,4501.473453375631
2013-12-01 23:00:00,4749.027023956426
2013-12-04 23:00:00,4973.198870443963
2013-12-07 23:00:00,5268.379550698153
2013-12-10 23:00:00,5634.259309664561
2013-12-13 23:00:00,5887.516749666488
2013-12-16 23:00:00,6299.9420460414685
2013-12-19 23:00:00,6720.569560793468
2013-12-22 23:00:00,7186.665256267056
2013-12-25 23:00:00,7640.097034263399
2013-12-28 23:00:00,8136.64145613024
2013-12-31 23:00:00,8507.501817996763
2014-01-03 23:00:00,9003.890343701845
2014-01-06 23:00:00,9518.028335373438
2014-01-09 23:00:00,10105.094634739418
2014-01-12 23:00:00,10775.484734710193
2014-01-15 23:00:00,11481.722591206812
2014-01-18 23:00:00,12074.109334886649
2014-01-21 23:00:00,12724.576831368378
2014-01-24 23:00:00,13555.779983883162
2014-01-27 23:00:00,14272.524807368593
2014-01-30 23:00:00,15028.135437702784
2014-02-02 23:00:00,15942.581645909871
2014-02-05 23:00:00,16817.969276538883
2014-02-08 23:00:00,17692.223903479076
2014-02-11 23:00:00,18330.190825508886
2014-02-14 23:00:00,19101.420481543053
2014-02-17 23:00:00,20052.35603592115
2014-02-20 23:00:00,21197.31345947769
2014-02-23 23:00:00,22059.04620501224
2014-02-26 23:00:00,23092.673358938828
2014-03-01 23:00:00,24401.45054904168
2014-03-04 23:00:00,25088.115527650265
2014-03-07 23:00:00,26123.874932762832
2014-03-10 23:00:00,27108.258797124567
2014-03-13 23:00:00,28377.01156887993
2014-03-16 23:00:00,29364.23641745584
2014-03-19 23:00:00,30249.594808024787
2014-03-22 23:00:00,31196.691403100445
2014-03-25 23:00:00,32629.214408649168
2014-03-28 23:00:00,34079.797652924986
2014-04-01 00:00:00,35060.22079599223
2014-04-04 00:00:00,37087.0129193565
2014-04-07 00:00:00,38911.55610663653
2014-04-10 00:00:00,40257.69822345478
2014-04-13 00:00:00,41851.0406213553
2014-04-16 00:00:00,44367.804247035376
2014-04-19 00:00:00,46328.46526169091
2014-04-22 00:00:00,48535.75957914708
2014-04-25 00:00:00,49942.23727950658
2014-04-28 00:00:00,51613.73801925798
2014-05-01 00:00:00,53247.42358268366
2014-05-04 00:00:00,54891.99856132665
2014-05-07 00:00:00,56107.56833458224
2014-05-10 00:00:00,58004.68691233721
2014-05-13 00:00:00,59947.26164089182
2014-05-16 00:00:00,61236.08008134674
2014-05-19 00:00:00,63522.86152012704
2014-05-22 00:00:00,65459.100644576945
2014-05-25 00:00:00,67633.08348275475
2014-05-28 00:00:00,69526.0297275092
2014-05-31 00:00:00,72003.87429783535
2014-06-03 00:00:00,74449.61442869242
2014-06-06 00:00:00,77251.19871672978
2014-06-09 00:00:00,79607.10415086987
2014-06-12 00:00:00,81698.20280985971
2014-06-15 00:00:00,84289.36566044114
2014-06-18 00:00:00,87721.10065689457
2014-06-21 00:00:00,91174.87280647988
2014-06-24 00:00:00,95542.53636451715
2014-06-27 00:00:00,100144.23859488413
2014-06-30 00:00:00,105176.19884245441
2014-07-03 00:00:00,107543.40884261533
2014-07-06 00:00:00,111005.00620029791
2014-07-09 00:00:00,114759.95874528619
2014-07-12 00:00:00,118721.35403421031
2014-07-15 00:00:00,122187.9585044881
2014-07-18 00:00:00,124758.7239565862
2014-07-21 00:00:00,127863.01309186516
2014-07-24 00:00:00,128399.07799284204
2014-07-27 00:00:00,129155.14277624643
2014-07-30 00:00:00,129809.72047097236
2014-08-02 00:00:00,133571.03701979088
2014-08-05 00:00:00,135326.80712410828
2014-08-08 00:00:00,136508.5851913501
2014-08-11 00:00:00,140376.64193894932
2014-08-14 00:00:00,144189.1064221168
2014-08-17 00:00:00,147049.64628418646
2014-08-20 00:00:00,150507.64488117298
2014-08-23 00:00:00,157167.24266460133
2014-08-26 00:00:00,162007.879679918
2014-08-29 00:00:00,168232.66500317212
2014-09-01 00:00:00,174327.54886635888
2014-09-04 00:00:00,180713.53526924583
2014-09-07 00:00:00,188988.55561452673
2014-09-10 00:00:00,192624.27676065004
2014-09-13 00:00:00,197394.6371399689
2014-09-16 00:00:00,204680.47458826457
2014-09-19 00:00:00,213670.0108211506
2014-09-22 00:00:00,219636.58466527256
2014-09-25 00:00:00,224939.8078518282
2014-09-28 00:00:00,228949.25916413768
2014-10-01 00:00:00,232529.29765514407
2014-10-04 00:00:00,236912.6128313832
2014-10-07 00:00:00,242540.95622525568
2014-10-10 00:00:00,246566.52581223025
2014-10-13 00:00:00,250895.96338496925
2014-10-16 00:00:00,252653.00482600468
2014-10-19 00:00:00,252087.2676102828
2014-10-22 00:00:00,250774.68235918658
2014-10-25 00:00:00,255658.2624063211
2014-10-27 23:00:00,257277.2043005498
2014-10-30 23:00:00,260484.41525847898
2014-11-02 23:00:00,266087.7385655612
2014-11-05 23:00:00,267983.12482560484
2014-11-08 23:00:00,272753.2509220341
2014-11-11 23:00:00,275396.65897850576
2014-11-14 23:00:00,277898.20136788505
2014-11-17 23:00:00,280958.22382075316
2014-11-20 23:00:00,285203.04282166605
2014-11-23 23:00:00,285285.69854120165
2014-11-26 23:00:00,288033.02269947407
2014-11-29 23:00:00,289368.27243831696
2014-12-02 23:00:00,288287.34840642643
2014-12-05 23:00:00,286601.3814726488
2014-12-08 23:00:00,285042.9373792682
2014-12-11 23:00:00,285998.9335745549
2014-12-14 23:00:00,285621.7148378121
2014-12-17 23:00:00,283666.85253133165
2014-12-20 23:00:00,281940.4827388109
2014-12-23 23:00:00,282200.02314059617
2014-12-26 23:00:00,284089.91905267275
2014-12-29 23:00:00,287337.47723934357
2015-01-01 23:00:00,289051.244081559
2015-01-04 23:00:00,294213.7187935267
2015-01-07 23:00:00,298422.6154415546
2015-01-10 23:00:00,297546.0279695658
2015-01-13 23:00:00,299401.0203304461
2015-01-16 23:00:00,304008.29143530387
2015-01-19 23:00:00,309725.97287622304
2015-01-22 23:00:00,310874.1504717441
2015-01-25 23:00:00,307568.62820736034
2015-01-28 23:00:00,305763.153180085
2015-01-31 23:00:00,306333.24201203225
2015-02-03 23:00:00,304247.5168160703
2015-02-06 23:00:00,305426.6881041919
2015-02-09 23:00:00,308538.7546219178
2015-02-12 23:00:00,311156.76896968455
2015-02-15 23:00:00,311214.0125009256
2015-02-18 23:00:00,313998.3910818895
2015-02-21 23:00:00,318818.08045384375
2015-02-24 23:00:00,324182.62165711744
2015-02-27 23:00:00,328988.01101657865
2015-03-02 23:00:00,330905.3198952267
2015-03-05 23:00:00,332869.7387383522
2015-03-08 23:00:00,335034.7753029948
2015-03-11 23:00:00,338386.10999936535
2015-03-14 23:00:00,338175.7128579484
2015-03-17 23:00:00,339217.79701256624
2015-03-20 23:00:00,337701.3747782657
2015-03-23 23:00:00,336862.6943412094
2015-03-26 23:00:00,341778.8538116307
2015-03-30 00:00:00,342965.2003803629
2015-04-02 00:00:00,342834.28887961834
2015-04-05 00:00:00,344947.75828348123
2015-04-08 00:00:00,345719.21906306257
2015-04-11 00:00:00,343534.2367469194
2015-04-14 00:00:00,345547.8646156258
2015-04-17 00:00:00,346792.33978098433
2015-04-20 00:00:00,346411.5335866403
2015-04-23 00:00:00,350201.9380310333
2015-04-26 00:00:00,345392.79032548546
2015-04-29 00:00:00,343804.8614825156
2015-05-02 00:00:00,342552.1989595301
2015-05-05 00:00:00,340467.0304241411
2015-05-08 00:00:00,340655.4502086208
2015-05-11 00:00:00,339369.5243458282
2015-05-14 00:00:00,342474.67290064174
2015-05-17 00:00:00,342328.11649272376
2015-05-20 00:00:00,345379.07412344834
2015-05-23 00:00:00,343295.1874557255
2015-05-26 00:00:00,343546.1907704556
2015-05-29 00:00:00,341838.7989345947
2015-06-01 00:00:00,344186.58788491617
2015-06-04 00:00:00,345072.2402659006
2015-06-07 00:00:00,344006.27274896216
2015-06-10 00:00:00,349253.71936801664
2015-06-13 00:00:00,347634.7764462229
2015-06-16 00:00:00,350201.1818508858
2015-06-19 00:00:00,348631.9455764085
2015-06-22 00:00:00,347625.8978455785
2015-06-25 00:00:00,351266.35062588606
2015-06-28 00:00:00,353846.63790614053
2015-07-01 00:00:00,354257.1460321979
2015-07-04 00:00:00,357057.9430371348
2015-07-07 00:00:00,360440.8577134387
2015-07-10 00:00:00,359396.57540075545
2015-07-13 00:00:00,360309.28679837
2015-07-16 00:00:00,360629.15426231787
2015-07-19 00:00:00,363367.34718324617
2015-07-22 00:00:00,365169.97959150997
2015-07-25 00:00:00,368045.55165637133
2015-07-28 00:00:00,370780.0199849226
2015-07-31 00:00:00,372831.01516941015
2015-08-03 00:00:00,376087.5673351832
2015-08-06 00:00:00,373736.4473952184
2015-08-09 00:00:00,375856.5417699673
2015-08-12 00:00:00,381365.56553265674
2015-08-15 00:00:00,379749.4640824219
2015-08-18 00:00:00,379623.25277402875
2015-08-21 00:00:00,382955.0344779631
2015-08-24 00:00:00,383204.8527110767
2015-08-27 00:00:00,385026.5015921338
2015-08-30 00:00:00,389576.16006419447
2015-09-02 00:00:00,390634.5688718786
2015-09-05 00:00:00,396277.97974974685
2015-09-08 00:00:00,400232.8525562168
2015-09-11 00:00:00,400780.92425613257
2015-09-14 00:00:00,407703.65617002675
2015-09-17 00:00:00,415043.5753249594
2015-09-20 00:00:00,416016.6647953145
2015-09-23 00:00:00,417004.18611560017
2015-09-26 00:00:00,421479.38937170716
2015-09-29 00:00:00,422622.82158844
2015-10-02 00:00:00,429483.6091533874
2015-10-05 00:00:00,430846.0434904037
2015-10-08 00:00:00,432284.66130178917
2015-10-11 00:00:00,432130.15634253726
2015-10-14 00:00:00,432479.4916772933
2015-10-17 00:00:00,435425.0142745033
2015-10-20 00:00:00,439370.8461952453
2015-10-23 00:00:00,442143.01630382217
2015-10-25 23:00:00,442407.63782423537
2015-10-28 23:00:00,444633.5118787651
2015-10-31 23:00:00,444730.6393659826
2015-11-03 23:00:00,449259.7088965788
2015-11-06 23:00:00,451219.44261480146
2015-11-09 23:00:00,455417.55977337353
2015-11-12 23:00:00,462686.02790920506
2015-11-15 23:00:00,465915.4122394671
2015-11-18 23:00:00,473572.01085123146
2015-11-21 23:00:00,482338.3449692521
2015-11-24 23:00:00,491901.3184413416
2015-11-27 23:00:00,502940.15794128994
2015-11-30 23:00:00,509663.59083949815
2015-12-03 23:00:00,520208.4035885369
2015-12-06 23:00:00,533280.9868181384
2015-12-09 23:00:00,550693.7774407109
2015-12-12 23:00:00,571217.117952939
2015-12-15 23:00:00,588485.5425074288
2015-12-18 23:00:00,600272.2480644226
2015-12-21 23:00:00,622242.2765766704
2015-12-24 23:00:00,637937.4082503481
2015-12-27 23:00:00,661649.1612318449
2015-12-30 23:00:00,682316.4284925029
2016-01-02 23:00:00,695720.1709284589
2016-01-05 23:00:00,720983.6832054175
2016-01-08 23:00:00,735470.4083455781
2016-01-11 23:00:00,750846.1412931753
2016-01-14 23:00:00,766776.4303732958
2016-01-17 23:00:00,778263.172471966
2016-01-20 23:00:00,792526.7990710426
2016-01-23 23:00:00,811854.5000286604
2016-01-26 23:00:00,828402.2369192376
2016-01-29 23:00:00,847026.4923046951
2016-02-01 23:00:00,881232.9829375333
2016-02-04 23:00:00,901428.1299074779
2016-02-07 23:00:00,940361.2260372156
2016-02-10 23:00:00,973630.3499362693
2016-02-13 23:00:00,1010160.3960714897
2016-02-16 23:00:00,1048749.6024946522
2016-02-19 23:00:00,1074542.7409950069
2016-02-22 23:00:00,1096915.9908917018
2016-02-25 23:00:00,1109798.5090543092
2016-02-28 23:00:00,1132409.514879405
2016-03-02 23:00:00,1140377.6698319586
2016-03-05 23:00:00,1156637.6631011826
2016-03-08 23:00:00,1151741.6660397602
2016-03-11 23:00:00,1160949.325573085
2016-03-14 23:00:00,1152687.0252266966
2016-03-17 23:00:00,1158747.8446287538
2016-03-20 23:00:00,1160948.4432800186
2016-03-23 23:00:00,1165614.7572728992
2016-03-26 23:00:00,1177922.9554580038
2016-03-30 00:00:00,1188949.7151709853
2016-04-02 00:00:00,1190926.9634017088
2016-04-05 00:00:00,1198098.9172646964
2016-04-08 00:00:00,1210155.874338189
2016-04-11 00:00:00,1213664.2084213172
2016-04-14 00:00:00,1228748.4253664738
2016-04-17 00:00:00,1242899.3504785898
2016-04-20 00:00:00,1256305.283382982
2016-04-23 00:00:00,1275380.2595963406
2016-04-26 00:00:00,1273213.322719228
2016-04-29 00:00:00,1268857.9688373932
2016-05-02 00:00:00,1288982.0792364443
2016-05-05 00:00:00,1302442.3925346057
2016-05-08 00:00:00,1316575.6048941663
2016-05-11 00:00:00,1330941.0468039212
2016-05-14 00:00:00,1340240.7573679502
2016-05-17 00:00:00,1342598.3007490751
2016-05-20 00:00:00,1346821.8616910304
2016-05-23 00:00:00,1363497.074857619
2016-05-26 00:00:00,1396895.7741830423
2016-05-29 00:00:00,1408811.4093518816
2016-06-01 00:00:00,1411308.7820104673
2016-06-04 00:00:00,1410424.7841757373
2016-06-07 00:00:00,1423798.5342487404
2016-06-10 00:00:00,1424838.5066391595
2016-06-13 00:00:00,1433255.037356274
2016-06-16 00:00:00,1442321.319156587
2016-06-19 00:00:00,1456886.5366961253
2016-06-22 00:00:00,1466809.8355665067
2016-06-25 00:00:00,1452573.5376195854
2016-06-28 00:00:00,1477146.6782265014
2016-07-01 00:00:00,1493211.2134666818
2016-07-04 00:00:00,1512830.425764896
2016-07-07 00:00:00,1515081.2742633026
2016-07-10 00:00:00,1520554.4448031236
2016-07-13 00:00:00,1531952.8935051928
2016-07-16 00:00:00,1530325.4533210397
2016-07-19 00:00:00,1542770.2255788743
2016-07-22 00:00:00,1525669.8128940286
2016-07-25 00:00:00,1523741.543495117
2016-07-28 00:00:00,1501703.5393322438
2016-07-31 00:00:00,1489824.1475674738
2016-08-03 00:00:00,1490631.4300319713
2016-08-06 00:00:00,1500384.1572156292
2016-08-09 00:00:00,1502853.289660029
2016-08-12 00:00:00,1489408.4447297335
2016-08-15 00:00:00,1505066.6808489517
2016-08-18 00:00:00,1490032.0031730093
2016-08-21 00:00:00,1511766.6686776844
2016-08-24 00:00:00,1544146.274653758
2016-08-27 00:00:00,1556014.1747047394
2016-08-30 00:00:00,1574569.850648534
2016-09-02 00:00:00,1575427.700856812
2016-09-05 00:00:00,1579037.5491159214
2016-09-08 00:00:00,1580371.5721377872
2016-09-11 00:00:00,1599204.6565005856
2016-09-14 00:00:00,1622734.055435547
2016-09-17 00:00:00,1645249.0328515847
2016-09-20 00:00:00,1643144.7517886295
2016-09-23 00:00:00,1646349.4399618127
2016-09-26 00:00:00,1684601.151377459
2016-09-29 00:00:00,1711346.9514595182
2016-10-02 00:00:00,1726705.8786658668
2016-10-05 00:00:00,1739443.7397107603
2016-10-08 00:00:00,1771549.4648968412
2016-10-11 00:00:00,1804350.3162078245
2016-10-14 00:00:00,1797736.1799601766
2016-10-17 00:00:00,1804119.7886397582
2016-10-20 00:00:00,1813014.5121742778
2016-10-23 00:00:00,1831151.7623302103
2016-10-26 00:00:00,1822445.4287495404
2016-10-29 00:00:00,1824951.2929869757
2016-10-31 23:00:00,1843692.1676815106
2016-11-03 23:00:00,1845387.674774677
2016-11-06 23:00:00,1833308.733533591
2016-11-09 23:00:00,1833748.1702608217
2016-11-12 23:00:00,1867789.9304636659
2016-11-15 23:00:00,1891731.7664505576
2016-11-18 23:00:00,1926571.3446132212
2016-11-21 23:00:00,1928213.9031443393
2016-11-24 23:00:00,1956979.637300908
2016-11-27 23:00:00,1976733.4164389006
2016-11-30 23:00:00,1994712.8495751126
2016-12-03 23:00:00,2031074.611769223
2016-12-06 23:00:00,2068315.825312476
2016-12-09 23:00:00,2095300.3601245098
2016-12-12 23:00:00,2110950.862277659
2016-12-15 23:00:00,2128131.028954486
2016-12-18 23:00:00,2134707.1140235607
2016-12-21 23:00:00,2173545.5890171747
2016-12-24 23:00:00,2195993.95009872
2016-12-27 23:00:00,2224844.3492674185
2016-12-30 23:00:00,2259390.0328915855
2017-01-02 23:00:00,2285316.426566986
2017-01-05 23:00:00,2312585.313603767
2017-01-08 23:00:00,2336513.96475196
2017-01-11 23:00:00,2356654.5716409027
2017-01-14 23:00:00,2417645.8892132267
2017-01-17 23:00:00,2478083.802819604
2017-01-20 23:00:00,2534268.808963946
2017-01-23 23:00:00,2608879.717517496
2017-01-26 23:00:00,2666824.832545701
2017-01-29 23:00:00,2737293.7772490373
2017-02-01 23:00:00,2807540.7477498623
2017-02-04 23:00:00,2867127.127506255
2017-02-07 23:00:00,2925592.5581069766
2017-02-10 23:00:00,3003156.603752348
2017-02-13 23:00:00,3036162.8880041223
2017-02-16 23:00:00,3082177.85189108
2017-02-19 23:00:00,3109757.510803374
2017-02-22 23:00:00,3115316.8911555046
2017-02-25 23:00:00,3171167.1167438244
2017-02-28 23:00:00,3199686.591556596
2017-03-03 23:00:00,3220315.803238956
2017-03-06 23:00:00,3242592.5458991625
2017-03-09 23:00:00,3276522.5042549167
2017-03-12 23:00:00,3303844.813197564
2017-03-15 23:00:00,3332178.4481641334
2017-03-18 23:00:00,3372350.261208204
2017-03-21 23:00:00,3407814.0702884924
2017-03-24 23:00:00,3479704.343056851
2017-03-28 00:00:00,3466667.4115505815
2017-03-31 00:00:00,3486471.094792414
2017-04-03 00:00:00,3503197.517687501
2017-04-06 00:00:00,3563555.722155018
2017-04-09 00:00:00,3594569.6264242954
2017-04-12 00:00:00,3635785.282579812
2017-04-15 00:00:00,3644671.165184584
2017-04-18 00:00:00,3658109.1359712672
2017-04-21 00:00:00,3677484.597914278
2017-04-24 00:00:00,3696472.336856356
2017-04-27 00:00:00,3723506.0658668233
2017-04-30 00:00:00,3751175.5697069704
2017-05-03 00:00:00,3796314.2083800854
2017-05-06 00:00:00,3784045.1063485392
2017-05-09 00:00:00,3860233.14160284
2017-05-12 00:00:00,3864459.1483037686
2017-05-15 00:00:00,3959012.5809717816
2017-05-18 00:00:00,4007653.900933833
2017-05-21 00:00:00,4075326.389579183
2017-05-24 00:00:00,4111797.629986061
2017-05-27 00:00:00,4209129.646162043
2017-05-30 00:00:00,4292652.554453267
2017-06-02 00:00:00,4402216.704537762
2017-06-05 00:00:00,4546003.521594384
2017-06-08 00:00:00,4640433.108804274
2017-06-11 00:00:00,4757775.123366312
2017-06-14 00:00:00,4804230.601095112
2017-06-17 00:00:00,4876188.719288508
2017-06-20 00:00:00,4959225.041737426
2017-06-23 00:00:00,5013229.247922423
2017-06-26 00:00:00,5053864.244676439
2017-06-29 00:00:00,5083033.547122477
2017-07-02 00:00:00,5093001.16759545
2017-07-05 00:00:00,5178209.543328668
2017-07-08 00:00:00,5153845.964928672
2017-07-11 00:00:00,5226980.314783113
2017-07-14 00:00:00,5334202.817236604
2017-07-17 00:00:00,5410107.250517228
2017-07-20 00:00:00,5505935.685089905
2017-07-23 00:00:00,5648730.524049957
2017-07-26 00:00:00,5807881.508337796
2017-07-29 00:00:00,5930074.142586827
2017-08-01 00:00:00,6053548.318450825
2017-08-04 00:00:00,6079252.61059335
2017-08-07 00:00:00,6270750.817172923
2017-08-10 00:00:00,6346586.815109984
2017-08-13 00:00:00,6383049.145256906
2017-08-16 00:00:00,6468963.256722633
2017-08-19 00:00:00,6553719.441187278
2017-08-22 00:00:00,6524964.208445897
2017-08-25 00:00:00,6389112.02593914
2017-08-28 00:00:00,6291112.128702062
2017-08-31 00:00:00,6307491.624233086
2017-09-03 00:00:00,6419069.056521961
2017-09-06 00:00:00,6486191.660624293
2017-09-09 00:00:00,6607586.191177474
2017-09-12 00:00:00,6711207.783929289
2017-09-15 00:00:00,6897379.06487592
2017-09-18 00:00:00,6999433.787787723
2017-09-21 00:00:00,7124968.918071995
2017-09-24 00:00:00,7476368.643896894
2017-09-27 00:00:00,7691046.652990949
2017-09-30 00:00:00,7936038.765818188
2017-10-03 00:00:00,7968046.94798303
2017-10-06 00:00:00,8017043.337771337
2017-10-09 00:00:00,8161948.787531241
2017-10-12 00:00:00,8283153.246139566
2017-10-15 00:00:00,8239933.776256314
2017-10-18 00:00:00,8494218.439459989
2017-10-21 00:00:00,8770293.229540529
2017-10-24 00:00:00,8894305.860824598
2017-10-27 00:00:00,9279717.216626784
2017-10-29 23:00:00,9204070.422094468
2017-11-01 23:00:00,9383239.374217492
2017-11-04 23:00:00,9520664.242865391
2017-11-07 23:00:00,9626569.198066473
2017-11-10 23:00:00,9756225.102411471
2017-11-13 23:00:00,9633714.825150786
2017-11-16 23:00:00,9553415.893040614
2017-11-19 23:00:00,9592781.016385147
2017-11-22 23:00:00,9654199.209441667
2017-11-25 23:00:00,9558535.962069027
2017-11-28 23:00:00,9801933.41738368
2017-12-01 23:00:00,10020762.788523406
2017-12-04 23:00:00,10216395.349420713
2017-12-07 23:00:00,10472169.944316816
2017-12-10 23:00:00,10788126.790774621
2017-12-13 23:00:00,11462203.84539993
2017-12-16 23:00:00,11869480.992126102
2017-12-19 23:00:00,12309795.456853738
2017-12-22 23:00:00,12557817.913928032
2017-12-25 23:00:00,12844303.54892742
2017-12-28 23:00:00,13162556.088979447
2017-12-31 23:00:00,13469505.989054935
2018-01-03 23:00:00,13862090.031415679
2018-01-06 23:00:00,14103904.061748657
2018-01-09 23:00:00,14376011.538385129
2018-01-12 23:00:00,14742028.50615677
2018-01-15 23:00:00,15034029.846331507
2018-01-18 23:00:00,15389027.57951763
2018-01-21 23:00:00,16032668.913509913
2018-01-24 23:00:00,16630083.354079157
2018-01-27 23:00:00,17269967.50518087
2018-01-30 23:00:00,17835886.550725196
2018-02-02 23:00:00,18206558.391871795
2018-02-05 23:00:00,18921042.293959282
2018-02-08 23:00:00,19452091.927922886
2018-02-11 23:00:00,19777221.897561196
2018-02-14 23:00:00,20525802.81215395
2018-02-17 23:00:00,20765301.371444844
2018-02-20 23:00:00,21054741.61804837
2018-02-23 23:00:00,21457328.703519676
2018-02-26 23:00:00,21707417.914841946
2018-03-01 23:00:00,22059182.186926145
2018-03-04 23:00:00,22551652.53689091
2018-03-07 23:00:00,22823495.95232503
2018-03-10 23:00:00,23160838.908109162
2018-03-13 23:00:00,23690967.08620905
2018-03-16 23:00:00,23687354.59731914
2018-03-19 23:00:00,24173861.754432935
2018-03-22 23:00:00,24349102.570870183
2018-03-26 00:00:00,24459587.111765567
2018-03-29 00:00:00,24689508.04173534
2018-04-01 00:00:00,24833501.262808803
2018-04-04 00:00:00,25219992.53556647
2018-04-07 00:00:00,25266583.87852716
2018-04-10 00:00:00,25662950.48120315
2018-04-13 00:00:00,25876094.825091258
2018-04-16 00:00:00,26323638.04277351
2018-04-19 00:00:00,26701047.457437735
2018-04-22 00:00:00,27295322.663791616
2018-04-25 00:00:00,27865399.377204534
2018-04-28 00:00:00,27984009.807555918
2018-05-01 00:00:00,28387134.19288508
2018-05-04 00:00:00,28581144.184041403
2018-05-07 00:00:00,28921228.883811846
2018-05-10 00:00:00,29074513.86272172
2018-05-13 00:00:00,29319107.653684005
2018-05-16 00:00:00,29375731.245355286
2018-05-19 00:00:00,29581923.63705886
2018-05-22 00:00:00,29690670.644567195
2018-05-25 00:00:00,29857647.730785787
2018-05-28 00:00:00,30814365.97763003
2018-05-31 00:00:00,31222373.363120623
2018-06-03 00:00:00,31712660.471631598
2018-06-06 00:00:00,32708871.007545944
2018-06-09 00:00:00,33277725.583453532
2018-06-12 00:00:00,33602962.26732347
2018-06-15 00:00:00,34288232.62466008
2018-06-18 00:00:00,35033448.068097964
2018-06-21 00:00:00,35860023.134073064
2018-06-24 00:00:00,36737159.65543435
2018-06-27 00:00:00,37142540.0382719
2018-06-30 00:00:00,37404824.239071615
2018-07-03 00:00:00,37598374.476312116
2018-07-06 00:00:00,37135929.21169646
2018-07-09 00:00:00,37787426.97733547
2018-07-12 00:00:00,38163660.72844254
2018-07-15 00:00:00,38259440.92487659
2018-07-18 00:00:00,37975502.203191236
2018-07-21 00:00:00,38306666.321720764
2018-07-24 00:00:00,38421627.008292355
2018-07-27 00:00:00,38732779.59770206
2018-07-30 00:00:00,39476615.30802464
2018-08-02 00:00:00,40049292.72947599
2018-08-05 00:00:00,41489611.22901992
2018-08-08 00:00:00,41634214.63783554
2018-08-11 00:00:00,42653082.71904929
2018-08-14 00:00:00,43921888.49832935
2018-08-17 00:00:00,45126069.790235154
2018-08-20 00:00:00,45682428.7058964
2018-08-23 00:00:00,46369510.24013641
2018-08-26 00:00:00,46726438.49766694
2018-08-29 00:00:00,48069382.12494411
2018-09-01 00:00:00,48814355.97262157
2018-09-04 00:00:00,48828076.80615142
2018-09-07 00:00:00,49018726.74805715
2018-09-10 00:00:00,49663302.39146661
2018-09-13 00:00:00,49852450.00527852
2018-09-16 00:00:00,49920262.26146843
2018-09-19 00:00:00,49920376.70180767
2018-09-22 00:00:00,50386811.32560404
2018-09-25 00:00:00,51099695.63131454
2018-09-28 00:00:00,50748783.25996855
2018-10-01 00:00:00,51313472.091228046
2018-10-04 00:00:00,51634777.22533969
2018-10-07 00:00:00,52067172.43244877
2018-10-10 00:00:00,51698560.74396073
2018-10-13 00:00:00,51907984.9787365
2018-10-16 00:00:00,52174197.141653635
2018-10-19 00:00:00,52406502.52013912
2018-10-22 00:00:00,52125718.18273017
2018-10-25 00:00:00,51779437.71718643
2018-10-28 00:00:00,51385448.90209458
2018-10-30 23:00:00,51063773.70770018
2018-11-02 23:00:00,51324255.947316006
2018-11-05 23:00:00,51439033.81367152
2018-11-08 23:00:00,50923235.47178139
2018-11-11 23:00:00,50359170.11743649
2018-11-14 23:00:00,49910316.251993895
2018-11-17 23:00:00,49448240.59917303
2018-11-20 23:00:00,48614039.255554445
2018-11-23 23:00:00,47472027.05279299
2018-11-26 23:00:00,46721140.06506272
2018-11-29 23:00:00,45386940.11336566
2018-12-02 23:00:00,43648921.33585053
2018-12-05 23:00:00,42231232.021694176
2018-12-08 23:00:00,41237289.05772286
2018-12-11 23:00:00,39955086.64665636
2018-12-14 23:00:00,38967148.68623728
2018-12-17 23:00:00,38325478.63458472
2018-12-20 23:00:00,37720364.50529902
2018-12-23 23:00:00,37994253.09541328
2018-12-26 23:00:00,37753816.83588219
2018-12-29 23:00:00,37904119.59561953
2019-01-01 23:00:00,38391198.11719651
2019-01-04 23:00:00,38949787.58513631
2019-01-07 23:00:00,39574856.61918487
2019-01-10 23:00:00,40600212.31936355
2019-01-13 23:00:00,40823980.968853764
2019-01-16 23:00:00,40888125.885167755
2019-01-19 23:00:00,41173302.89416104
2019-01-22 23:00:00,41279433.14055894
2019-01-25 23:00:00,41667923.722038254
2019-01-28 23:00:00,41815468.93612574
2019-01-31 23:00:00,41801528.62009793
2019-02-03 23:00:00,41804826.300899774
2019-02-06 23:00:00,42074653.66748009
2019-02-09 23:00:00,42214251.69155074
2019-02-12 23:00:00,42385403.86506476
2019-02-15 23:00:00,42582775.05802278
2019-02-18 23:00:00,43362757.924488194
2019-02-21 23:00:00,43169902.26440407
2019-02-24 23:00:00,43261507.70064204
2019-02-27 23:00:00,43538148.35537692
2019-03-02 23:00:00,43794806.42145455
2019-03-05 23:00:00,43901826.40455188
2019-03-08 23:00:00,43674439.684444256
2019-03-11 23:00:00,43166802.34319807
2019-03-14 23:00:00,43411831.16425774
2019-03-17 23:00:00,43829278.894001916
2019-03-20 23:00:00,44156746.069135025
2019-03-23 23:00:00,44604166.95600321
2019-03-26 23:00:00,44728025.65487505
2019-03-29 23:00:00,44922995.69081764
2019-04-02 00:00:00,44832052.82498325
2019-04-05 00:00:00,45126105.70555583
2019-04-08 00:00:00,45573848.59165286
2019-04-11 00:00:00,45923198.141361795
2019-04-14 00:00:00,46261691.057776935
2019-04-17 00:00:00,45980161.71664358
2019-04-20 00:00:00,45642740.34875949
2019-04-23 00:00:00,45632484.65834951
2019-04-26 00:00:00,45511006.16808756
2019-04-29 00:00:00,45586535.04766909
2019-05-02 00:00:00,46200159.593563266
2019-05-05 00:00:00,46530327.51381853
2019-05-08 00:00:00,46417126.76575757
2019-05-11 00:00:00,46625267.62437593
2019-05-14 00:00:00,46985464.577213176
2019-05-17 00:00:00,47585209.314657636
2019-05-20 00:00:00,48122119.397604294
2019-05-23 00:00:00,48960872.98222215
2019-05-26 00:00:00,49528912.96462651
2019-05-29 00:00:00,50291602.761000775
2019-06-01 00:00:00,50469878.54376422
2019-06-04 00:00:00,50455924.998730324
2019-06-07 00:00:00,51757880.83203805
2019-06-10 00:00:00,52318573.71468599
2019-06-13 00:00:00,52593032.552747615
2019-06-16 00:00:00,53363300.77682098
2019-06-19 00:00:00,53406122.90766291
2019-06-22 00:00:00,53636345.979521595
2019-06-25 00:00:00,54752343.00139863
2019-06-28 00:00:00,54911579.87929396
2019-07-01 00:00:00,56172811.23034217
2019-07-04 00:00:00,57435099.77222589
2019-07-07 00:00:00,58634156.6124644
2019-07-10 00:00:00,59874682.406708814
2019-07-13 00:00:00,60885380.102921866
2019-07-16 00:00:00,61639306.801984675
2019-07-19 00:00:00,62657184.90055058
2019-07-22 00:00:00,63751837.68729324
2019-07-25 00:00:00,64214980.73743875
2019-07-28 00:00:00,65535377.460302755
2019-07-31 00:00:00,66349982.80426193
2019-08-03 00:00:00,67330146.62818487
2019-08-06 00:00:00,67730900.23796396
2019-08-09 00:00:00,68732499.25792201
2019-08-12 00:00:00,69856475.80294244
2019-08-15 00:00:00,70681346.10243465
2019-08-18 00:00:00,71581068.59675324
2019-08-21 00:00:00,72336021.84082875
2019-08-24 00:00:00,73002312.35675964
2019-08-27 00:00:00,73639406.59737174
2019-08-30 00:00:00,74005715.9644284
2019-09-02 00:00:00,74839537.42107578
2019-09-05 00:00:00,75432143.53727175
2019-09-08 00:00:00,76329970.21212043
2019-09-11 00:00:00,77881703.39311455
2019-09-14 00:00:00,79396646.22364402
2019-09-17 00:00:00,81410668.26395081
2019-09-20 00:00:00,83247430.6277322
2019-09-23 00:00:00,85508017.29985526
2019-09-26 00:00:00,86294014.99902515
2019-09-29 00:00:00,88241624.4441885
2019-10-02 00:00:00,88856229.05663387
2019-10-05 00:00:00,90187161.33471219
2019-10-08 00:00:00,91512573.23458873
2019-10-11 00:00:00,92297661.88807477
2019-10-14 00:00:00,92759470.61200184
2019-10-17 00:00:00,92887658.24009371
2019-10-20 00:00:00,93369976.77550167
2019-10-23 00:00:00,94070358.16130786
2019-10-26 00:00:00,95443550.12378019
2019-10-28 23:00:00,94710913.44132005
2019-10-31 23:00:00,95115446.33471768
2019-11-03 23:00:00,94890316.47523011
2019-11-06 23:00:00,94378445.33993393
2019-11-09 23:00:00,93370353.92886013
2019-11-12 23:00:00,93607231.43724893
2019-11-15 23:00:00,94054880.57614851
2019-11-18 23:00:00,93628341.43313405
2019-11-21 23:00:00,92407571.96308105
2019-11-24 23:00:00,91993865.81046143
2019-11-27 23:00:00,91466412.25867671
2019-11-30 23:00:00,91550463.62747915
2019-12-03 23:00:00,91931899.34603381
2019-12-06 23:00:00,92472352.09609385
2019-12-09 23:00:00,93304467.16081712
2019-12-12 23:00:00,92589788.25179137
2019-12-15 23:00:00,91963056.31530775
2019-12-18 23:00:00,91864552.8552217
2019-12-21 23:00:00,93345925.21625072
2019-12-24 23:00:00,93349577.9973798
2019-12-27 23:00:00,94492437.01549992
2019-12-30 23:00:00,95440600.1285285
2020-01-02 23:00:00,96031344.97550458
2020-01-05 23:00:00,97666989.20070155
2020-01-08 23:00:00,98401695.86964709
2020-01-11 23:00:00,100313045.51658484
2020-01-14 23:00:00,101244594.89081477
2020-01-17 23:00:00,103510257.39992768
2020-01-20 23:00:00,103659114.78586398
2020-01-23 23:00:00,105741651.43924819
2020-01-26 23:00:00,107539459.12130074
2020-01-29 23:00:00,108291457.6662551
2020-02-01 23:00:00,109757127.78641993
2020-02-04 23:00:00,109165191.0456634
2020-02-07 23:00:00,109904170.26889051
2020-02-10 23:00:00,109790392.31712015
2020-02-13 23:00:00,110844677.82747118
2020-02-16 23:00:00,110155312.54655439
2020-02-19 23:00:00,111069979.17544635
2020-02-22 23:00:00,110636948.34550142
2020-02-25 23:00:00,110389594.73933779
2020-02-28 23:00:00,110870228.47652975
2020-03-02 23:00:00,111245050.75265442
2020-03-05 23:00:00,112799357.23281237
2020-03-08 23:00:00,113763783.65166801
2020-03-11 23:00:00,114034430.95993526
2020-03-14 23:00:00,114018729.57171802
2020-03-17 23:00:00,113126461.84171863
2020-03-20 23:00:00,110252846.81495108
2020-03-23 23:00:00,109183585.895363
2020-03-26 23:00:00,108086229.84201668
2020-03-30 00:00:00,106935759.02117212
2020-04-02 00:00:00,105584358.47907048
2020-04-05 00:00:00,103379138.73562923
2020-04-08 00:00:00,102176066.54840036
2020-04-11 00:00:00,102460509.6154594
2020-04-14 00:00:00,103156564.58965056
2020-04-17 00:00:00,105227104.28226279
2020-04-20 00:00:00,107215224.37973428
2020-04-23 00:00:00,108506238.49961577
2020-04-26 00:00:00,109771740.78282438
2020-04-29 00:00:00,111028937.86038719
2020-05-02 00:00:00,111580297.81119661
2020-05-05 00:00:00,113925074.18562013
2020-05-08 00:00:00,115309275.8971834
2020-05-11 00:00:00,115966229.19797672
2020-05-14 00:00:00,115450535.46994871
2020-05-17 00:00:00,113218684.59365657
2020-05-20 00:00:00,111769812.56790851
2020-05-23 00:00:00,109491670.00363912
2020-05-26 00:00:00,107362652.53818254
2020-05-29 00:00:00,105796966.60195823
2020-06-01 00:00:00,105525515.54810286
2020-06-04 00:00:00,103074952.001071
2020-06-07 00:00:00,102987979.00020489
2020-06-10 00:00:00,102111142.28314476
2020-06-13 00:00:00,102500101.14849232
2020-06-16 00:00:00,103363438.2068538
2020-06-19 00:00:00,104555391.94219331
2020-06-22 00:00:00,106702103.44467305
2020-06-25 00:00:00,109180312.70702353
2020-06-28 00:00:00,110909220.52629471
2020-07-01 00:00:00,111608587.38418241
2020-07-04 00:00:00,114314464.82531896
2020-07-07 00:00:00,114556465.38377891
2020-07-10 00:00:00,116061072.94004108
2020-07-13 00:00:00,116677204.80724178
2020-07-16 00:00:00,118215123.89298551
2020-07-19 00:00:00,118853644.43116051
2020-07-22 00:00:00,119148302.67172731
2020-07-25 00:00:00,120315294.26453473
2020-07-28 00:00:00,121624674.45936707
2020-07-31 00:00:00,122012278.39493807
2020-08-03 00:00:00,121254721.51548481
2020-08-06 00:00:00,121029066.29614288
2020-08-09 00:00:00,121141933.75027196
2020-08-12 00:00:00,121385194.31220575
2020-08-15 00:00:00,122470550.47640134
2020-08-18 00:00:00,123593263.61619002
2020-08-21 00:00:00,124089581.69752869
2020-08-24 00:00:00,123995218.33781682
2020-08-27 00:00:00,123235662.30392651
2020-08-30 00:00:00,124030437.68330242
2020-09-02 00:00:00,124537807.113796
2020-09-05 00:00:00,124236437.4371554
2020-09-08 00:00:00,125199004.6836895
2020-09-11 00:00:00,125968264.36365305
2020-09-14 00:00:00,126250294.0365459
2020-09-17 00:00:00,128088086.88188799
2020-09-20 00:00:00,130322336.04564641
2020-09-23 00:00:00,131016055.64267927
2020-09-26 00:00:00,133217403.83837055
2020-09-29 00:00:00,134268305.38546807
2020-10-02 00:00:00,135202817.60586628
2020-10-05 00:00:00,137570943.9898661
2020-10-08 00:00:00,137508285.0356782
2020-10-11 00:00:00,138523027.3743337
2020-10-14 00:00:00,139563646.75017256
2020-10-17 00:00:00,140115644.06351903
2020-10-20 00:00:00,139173264.98144943
2020-10-23 00:00:00,139517312.96020812
2020-10-25 23:00:00,138433576.6027246
2020-10-28 23:00:00,134878563.09463027
2020-10-31 23:00:00,132405717.784941
2020-11-03 23:00:00,129601617.51582316
2020-11-06 23:00:00,128907490.04745398
2020-11-09 23:00:00,127660132.89433248
2020-11-12 23:00:00,125739696.38446729
2020-11-15 23:00:00,123179457.33558446
2020-11-18 23:00:00,124003893.88988347
2020-11-21 23:00:00,124206013.54050161
2020-11-24 23:00:00,124276939.63364664
2020-11-27 23:00:00,127421536.49975756
2020-11-30 23:00:00,129011154.19246568
2020-12-03 23:00:00,131544051.27865137
2020-12-06 23:00:00,132235094.88404812
2020-12-09 23:00:00,132933655.67049125
2020-12-12 23:00:00,133001940.92300864
2020-12-15 23:00:00,134778309.60303664
2020-12-18 23:00:00,134026772.10967544
2020-12-21 23:00:00,133972656.36060886
2020-12-24 23:00:00,133733621.57295637
2020-12-27 23:00:00,133621890.49289827
2020-12-30 23:00:00,135948046.94606876
2021-01-02 23:00:00,136342849.6881569
2021-01-05 23:00:00,137923582.91380304
2021-01-08 23:00:00,139372722.40567735
2021-01-11 23:00:00,141823468.87532723
2021-01-14 23:00:00,143321321.73633835
2021-01-17 23:00:00,144903309.0635391
2021-01-20 23:00:00,145990310.19710317
2021-01-23 23:00:00,147483900.6371107
2021-01-26 23:00:00,149394185.75921986
2021-01-29 23:00:00,149624935.13737822
2021-02-01 23:00:00,149064869.57850352
2021-02-04 23:00:00,149966067.02974543
2021-02-07 23:00:00,151777958.10040155
2021-02-10 23:00:00,152541390.67335793
2021-02-13 23:00:00,152479096.23140198
2021-02-16 23:00:00,152577943.0102884
2021-02-19 23:00:00,152930689.79672563
2021-02-22 23:00:00,153469678.30937442
2021-02-25 23:00:00,154198288.22643247
2021-02-28 23:00:00,154421446.6200851
2021-03-03 23:00:00,155918297.1927279
2021-03-06 23:00:00,155356760.3690291
2021-03-09 23:00:00,154023895.88215923
2021-03-12 23:00:00,153430021.08438778
2021-03-15 23:00:00,154150665.83501062
2021-03-18 23:00:00,154728989.61368608
2021-03-21 23:00:00,156032767.4839587
2021-03-24 23:00:00,157725372.79383266
2021-03-27 23:00:00,158082570.80158198
2021-03-31 00:00:00,159233345.0944072
2021-04-03 00:00:00,160227066.13877183
2021-04-06 00:00:00,161448158.79378653
2021-04-09 00:00:00,162452464.9192767
2021-04-12 00:00:00,164540610.89905918
2021-04-15 00:00:00,164759391.86470973
2021-04-18 00:00:00,163426207.89529583
2021-04-21 00:00:00,160553247.3589011
2021-04-24 00:00:00,158551501.0224658
2021-04-27 00:00:00,157913812.73820636
2021-04-30 00:00:00,157256957.80174002
2021-05-03 00:00:00,158246489.59654713
2021-05-06 00:00:00,159232483.14981154
2021-05-09 00:00:00,160073500.72689328
2021-05-12 00:00:00,161039804.40519717
2021-05-15 00:00:00,162530596.906018
2021-05-18 00:00:00,163937653.57106027
2021-05-21 00:00:00,164286544.75714386
2021-05-24 00:00:00,163795187.3276295
2021-05-27 00:00:00,163562301.87013376
2021-05-30 00:00:00,162306420.235572
2021-06-02 00:00:00,159956332.3904647
2021-06-05 00:00:00,157854643.20029938
2021-06-08 00:00:00,154774963.733511
2021-06-11 00:00:00,150109156.34811217
2021-06-14 00:00:00,145300828.03033656
2021-06-17 00:00:00,142544188.73285392
2021-06-20 00:00:00,140349215.3379642
2021-06-23 00:00:00,135972610.32535917
2021-06-26 00:00:00,131012378.88977787
2021-06-29 00:00:00,124165356.3756914
2021-07-02 00:00:00,118283324.50426166
2021-07-05 00:00:00,111798013.74120754
2021-07-08 00:00:00,106807700.41227205
2021-07-11 00:00:00,103358977.46609004
2021-07-14 00:00:00,99746286.67479225
2021-07-17 00:00:00,97560326.93376312
2021-07-20 00:00:00,96282822.02202348
2021-07-23 00:00:00,95856505.91351281
2021-07-26 00:00:00,95433181.0518653
2021-07-29 00:00:00,98478136.52040689
2021-08-01 00:00:00,100562832.9676591
2021-08-04 00:00:00,102756738.99888329
2021-08-07 00:00:00,104237707.86071537
2021-08-10 00:00:00,105437944.38733159
2021-08-13 00:00:00,107349075.76429121
2021-08-16 00:00:00,109211370.03077443
2021-08-19 00:00:00,110761031.15113856
2021-08-22 00:00:00,113721542.43926995
2021-08-25 00:00:00,116982704.47251385
2021-08-28 00:00:00,119055200.25837503
2021-08-31 00:00:00,120529940.61128168
2021-09-03 00:00:00,121887232.85523812
2021-09-06 00:00:00,124588719.11468123
2021-09-09 00:00:00,126947362.9041164
2021-09-12 00:00:00,128672189.9288271
2021-09-15 00:00:00,130611320.903647
2021-09-18 00:00:00,131516362.30088094
2021-09-21 00:00:00,133656738.64498012
2021-09-24 00:00:00,133591725.91766924
2021-09-27 00:00:00,134280065.38751584
2021-09-30 00:00:00,135427171.14313474
2021-10-03 00:00:00,138584367.68813598
2021-10-06 00:00:00,139994992.63225752
2021-10-09 00:00:00,139099935.86159626
2021-10-12 00:00:00,141251652.2906373